{
  "method": "pot",
  "per_attack": {
    "plateau": {
      "f1": 0.7005747231585477,
      "precision": 0.7714152698296052,
      "recall": 0.6416590236132357,
      "roc_auc": 0.8022433288830758,
      "TP": 31483,
      "TN": 241637,
      "FP": 9329,
      "FN": 17582,
      "threshold": 0.0025000797416671002
    },
    "continuous": {
      "f1": 0.7630176549210642,
      "precision": 0.936010128075236,
      "recall": 0.6440019908800393,
      "roc_auc": 0.8185971217617362,
      "TP": 25876,
      "TN": 258082,
      "FP": 1769,
      "FN": 14304,
      "threshold": 0.002500137822599377
    },
    "playback": {
      "f1": 0.7843407597228561,
      "precision": 0.9701592495274002,
      "recall": 0.6582681139464104,
      "roc_auc": 0.8275942367659985,
      "TP": 26074,
      "TN": 259618,
      "FP": 802,
      "FN": 13536,
      "threshold": 0.002500094262045357
    },
    "suppress": {
      "f1": 0.5630694429406936,
      "precision": 0.9760690098432108,
      "recall": 0.39566100158000056,
      "roc_auc": 0.6967852808853678,
      "TP": 21046,
      "TN": 246322,
      "FP": 516,
      "FN": 32146,
      "threshold": 0.002500050701200962
    },
    "flooding": {
      "f1": 0.6477305233346354,
      "precision": 0.9767935066777628,
      "recall": 0.4845137665666254,
      "roc_auc": 0.7411216079931358,
      "TP": 23950,
      "TN": 250031,
      "FP": 569,
      "FN": 25481,
      "threshold": 0.002581059081493822
    }
  },
  "avg_f1": 0.6917466208155594,
  "avg_precision": 0.9260894327906429,
  "avg_recall": 0.5648207793172623,
  "attribution": {
    "plateau": {
      "n_segments": 671,
      "top_signals": [
        "id10_Signal2",
        "id10_Signal4",
        "id3_Signal1",
        "id5_Signal1",
        "id6_Signal2"
      ]
    },
    "continuous": {
      "n_segments": 332,
      "top_signals": [
        "id10_Signal4",
        "id3_Signal1",
        "id5_Signal1",
        "id6_Signal2",
        "id7_Signal2"
      ]
    },
    "playback": {
      "n_segments": 278,
      "top_signals": [
        "id10_Signal3",
        "id1_Signal2",
        "id3_Signal1",
        "id5_Signal2",
        "id6_Signal1"
      ]
    },
    "suppress": {
      "n_segments": 105,
      "top_signals": [
        "id1_Signal2",
        "id3_Signal1",
        "id7_Signal2"
      ]
    },
    "flooding": {
      "n_segments": 131,
      "top_signals": [
        "id1_Signal1",
        "id2_Signal2"
      ]
    }
  }
}