{
  "threshold": 0.0022294486153878437,
  "feature_baselines": [
    0.002384467516094446,
    0.00012326441355980933,
    0.0018311907770112157,
    0.0023222598247230053,
    0.0004030684649478644,
    0.0007273394730873406,
    0.0018356537912040949,
    0.0006946615758351982,
    0.0007692836807109416,
    0.007668294012546539,
    0.0081974221393466,
    0.000485484633827582,
    0.0006376999081112444,
    0.0008067964809015393,
    0.00042502753785811365,
    0.00011188710777787492,
    0.00010908710100920871,
    0.0005755466409027576,
    0.011701520532369614,
    0.0007572721806354821
  ],
  "method": "pot",
  "details": {
    "q": 0.001,
    "level": 0.99,
    "scale": 1.0
  }
}