{
  "f1": 0.932349503128646,
  "precision": 0.8732809401660742,
  "recall": 0.9999999962504686,
  "roc_auc": 0.9925034867503486,
  "TP": 2667,
  "TN": 25425,
  "FP": 387,
  "FN": 0,
  "threshold": 0.06197498950271811,
  "Hit@100%": 0.4371396259799322,
  "Hit@150%": 0.5660118378059885,
  "NDCG@100%": 0.43010623394878894,
  "NDCG@150%": 0.5067708499084251,
  "Hit@100%_elev": 0.3615146464986808,
  "Hit@150%_elev": 0.48656194761369115,
  "NDCG@100%_elev": 0.37296949682992175,
  "NDCG@150%_elev": 0.44796593536772333,
  "method": "pot",
  "machine": "machine-1-1",
  "n_anomaly_segments": 121
}