{
  "threshold": 0.06197498950271811,
  "method": "pot",
  "details": {
    "q": 1e-05,
    "level": 0.99995,
    "scale": 1.06
  },
  "feature_baselines": [
    0.003964250907301903,
    0.014213875867426395,
    0.0069387550465762615,
    0.006920768879354,
    0.00011886974971275777,
    0.0014126341557130218,
    0.006862746085971594,
    0.00011385388643248007,
    0.008419179357588291,
    0.00022731837816536427,
    0.005848030559718609,
    0.007731633726507425,
    0.005383254028856754,
    0.016818076372146606,
    0.005956538952887058,
    0.005913247354328632,
    0.00019075653108302504,
    0.00029753262060694396,
    0.0041589378379285336,
    0.0038172276690602303,
    0.0026653939858078957,
    0.002554299309849739,
    0.01033813040703535,
    0.016089074313640594,
    0.0018431746866554022,
    0.013634644448757172,
    0.00013261284038890153,
    0.0030543948523700237,
    0.0002644966298248619,
    0.008475626818835735,
    0.0026783482171595097,
    0.0035611020866781473,
    0.010923881083726883,
    0.0003422429144848138,
    0.00364113412797451,
    0.003752680728211999,
    9.081493772100657e-05,
    0.0002428889856673777
  ]
}