{
  "method": "pot",
  "per_attack": {
    "plateau": {
      "f1": 0.5806603545496599,
      "precision": 0.9736185720579343,
      "recall": 0.413696117310976,
      "roc_auc": 0.7057522927373167,
      "TP": 20298,
      "TN": 250416,
      "FP": 550,
      "FN": 28767,
      "threshold": 0.006417590252627085
    },
    "continuous": {
      "f1": 0.5816442727698056,
      "precision": 0.8303629140131301,
      "recall": 0.447585863502343,
      "roc_auc": 0.7167234958608847,
      "TP": 17984,
      "TN": 256177,
      "FP": 3674,
      "FN": 22196,
      "threshold": 0.006354105937214151
    },
    "playback": {
      "f1": 0.4511247355575472,
      "precision": 0.9353352391679892,
      "recall": 0.297248169579084,
      "roc_auc": 0.6470612248316718,
      "TP": 11774,
      "TN": 259606,
      "FP": 814,
      "FN": 27836,
      "threshold": 0.006377838711038356
    },
    "suppress": {
      "f1": 0.09352584555025377,
      "precision": 0.5092024530410811,
      "recall": 0.05149270566034503,
      "roc_auc": 0.5203987159233541,
      "TP": 2739,
      "TN": 244198,
      "FP": 2640,
      "FN": 50453,
      "threshold": 0.00648586279469933
    },
    "flooding": {
      "f1": 0.42060508215899306,
      "precision": 0.8052884610775592,
      "recall": 0.28463919397045595,
      "roc_auc": 0.6355318875168128,
      "TP": 14070,
      "TN": 247198,
      "FP": 3402,
      "FN": 35361,
      "threshold": 0.006432030596300551
    }
  },
  "avg_f1": 0.4255120581172519,
  "avg_precision": 0.810761527871539,
  "avg_recall": 0.2989324100046408,
  "attribution": {
    "plateau": {
      "n_segments": 265,
      "top_signals": [
        "id5_Signal2",
        "id7_Signal1",
        "id9_Signal1"
      ]
    },
    "continuous": {
      "n_segments": 740,
      "top_signals": [
        "id10_Signal3",
        "id5_Signal1",
        "id6_Signal1"
      ]
    },
    "playback": {
      "n_segments": 288,
      "top_signals": [
        "id2_Signal1",
        "id3_Signal2"
      ]
    },
    "suppress": {
      "n_segments": 430,
      "top_signals": [
        "id2_Signal1",
        "id3_Signal2"
      ]
    },
    "flooding": {
      "n_segments": 663,
      "top_signals": [
        "id2_Signal1",
        "id3_Signal2"
      ]
    }
  }
}