{
  "method": "pot",
  "per_attack": {
    "plateau": {
      "f1": 0.5632761657422727,
      "precision": 0.9959679498599286,
      "recall": 0.3926831752995652,
      "roc_auc": 0.6961861881536071,
      "TP": 19267,
      "TN": 250888,
      "FP": 78,
      "FN": 29798,
      "threshold": 0.004800780144134544
    },
    "continuous": {
      "f1": 0.6257971861996486,
      "precision": 0.9882890137049213,
      "recall": 0.4578646091443841,
      "roc_auc": 0.7285128334706972,
      "TP": 18397,
      "TN": 259633,
      "FP": 218,
      "FN": 21783,
      "threshold": 0.004806445404858542
    },
    "playback": {
      "f1": 0.4282621529942119,
      "precision": 0.997598373362647,
      "recall": 0.2726584195221766,
      "roc_auc": 0.6362792904344741,
      "TP": 10800,
      "TN": 260394,
      "FP": 26,
      "FN": 28810,
      "threshold": 0.004896175691526781
    },
    "suppress": {
      "f1": 0.05310384723324527,
      "precision": 0.8667459793768829,
      "recall": 0.02739133703801486,
      "roc_auc": 0.5132419296321081,
      "TP": 1457,
      "TN": 246614,
      "FP": 224,
      "FN": 51735,
      "threshold": 0.0052471964159339045
    },
    "flooding": {
      "f1": 0.3814645267891043,
      "precision": 0.9808917189231549,
      "recall": 0.2367744936908469,
      "roc_auc": 0.617932338649102,
      "TP": 11704,
      "TN": 250372,
      "FP": 228,
      "FN": 37727,
      "threshold": 0.004883039729846999
    }
  },
  "avg_f1": 0.4103807757916965,
  "avg_precision": 0.965898607045507,
  "avg_recall": 0.2774744069389975,
  "attribution": {
    "plateau": {
      "n_segments": 47,
      "top_signals": [
        "id10_Signal1",
        "id2_Signal3",
        "id7_Signal1",
        "id9_Signal1"
      ]
    },
    "continuous": {
      "n_segments": 54,
      "top_signals": [
        "id4_Signal1",
        "id5_Signal1",
        "id6_Signal1"
      ]
    },
    "playback": {
      "n_segments": 24,
      "top_signals": [
        "id10_Signal1",
        "id3_Signal2",
        "id4_Signal1",
        "id5_Signal1",
        "id6_Signal1"
      ]
    },
    "suppress": {
      "n_segments": 111,
      "top_signals": [
        "id10_Signal1",
        "id10_Signal4",
        "id9_Signal1"
      ]
    },
    "flooding": {
      "n_segments": 58,
      "top_signals": [
        "id5_Signal1",
        "id6_Signal1"
      ]
    }
  }
}