{
  "threshold": 0.006413485658375895,
  "feature_baselines": [
    0.0007241049315780401,
    0.005710963625460863,
    0.009807325899600983,
    0.0007056007161736488,
    0.005057222675532103,
    0.005169464275240898,
    0.009527735412120819,
    0.0015644714003428817,
    0.00047528051072731614,
    0.01168826688081026,
    0.011935963295400143,
    0.00484965555369854,
    0.0029633664526045322,
    0.006674562580883503,
    0.0052118925377726555,
    0.00010476021998329088,
    0.00010663364082574844,
    0.005022040102630854,
    0.012277145870029926,
    0.00010701300925575197
  ],
  "method": "pot"
}